unique_id,strategy,zone,land_size_ha,mean_yield,std_yield,mean_revenue_mad,mean_cost_mad,mean_profit_mad,std_profit_mad,total_profit_mad,profit_per_ha_mad,droughts_experienced,floods_experienced,final_crop,n_crops_tried
0,SHARED,IRRIGATED_SOUSS,2.0019796134911236,21.575693628746063,2.9517142945366537,180031.32674380636,19515.295219812957,160516.0315239934,38606.34674043834,1605160.3152399338,80178.65438903237,0,2,potatoes,1
1,INDIVIDUAL,IRRIGATED_SOUSS,2.0019796134911236,20.54457457580145,2.5843671181393306,135386.5953061187,25091.093854045233,110295.50145207345,20740.04454396134,1102955.0145207345,55093.219086150544,0,2,potatoes,1
2,SHARED,IRRIGATED_SOUSS,3.4752638653220735,21.49386960415793,3.0260059354498607,318058.8159117722,33876.868596199245,284181.94731557294,54322.535025730926,2841819.4731557295,81772.76843674605,0,2,potatoes,1
3,INDIVIDUAL,IRRIGATED_SOUSS,3.4752638653220735,21.45144094675036,3.3315165651493053,259371.29132920998,43555.97390939904,215815.31741981098,75320.68856960487,2158153.174198109,62100.41187759137,0,2,potatoes,1
4,SHARED,SEMI_ARID_WARM,2.255841356726295,1.0356491090786766,0.21481220221268302,11904.939706662188,11441.434958301284,463.504748360902,1769.0562561744575,4635.04748360902,205.4686811104243,2,1,durum_wheat,1
5,INDIVIDUAL,SEMI_ARID_WARM,2.255841356726295,1.0905644746331027,0.19542627077810948,9487.791155950235,14710.416374958799,-5222.6252190085615,1537.870778787202,-52226.252190085615,-2315.1562513188874,2,1,durum_wheat,1
6,SHARED,SUB_HUMID,7.0902953868062015,1.2965085128762825,0.19951599044441878,47890.07361975267,34575.55736354326,13314.516256209401,10335.274592937534,133145.16256209402,1877.8507142291116,1,2,soft_wheat,1
7,INDIVIDUAL,SUB_HUMID,7.0902953868062015,1.321303598825194,0.2814885823455404,35827.54871862399,44454.28803884135,-8626.739320217352,8510.313435486016,-86267.39320217352,-1216.6967452823196,1,2,soft_wheat,1
8,SHARED,SAHARAN,1.7824494936647453,21.6732399247651,3.6789997902289646,137982.60529467085,17353.646336774167,120628.95895789668,18791.377466981157,1206289.589578967,67675.94783843304,1,1,watermelon,1
9,INDIVIDUAL,SAHARAN,1.7824494936647453,22.218941655325146,3.8492685582617505,108051.05957809498,22311.83100442393,85739.22857367105,11978.163477059323,857392.2857367105,48101.91193546236,1,1,watermelon,1
10,SHARED,ARID,1.2860441153360522,0.9950917773822769,0.08973653633186461,7191.4025174807775,6579.27224605952,612.1302714212591,839.9678492526731,6121.30271421259,475.97921729248395,0,0,barley,1
11,INDIVIDUAL,ARID,1.2860441153360522,0.9295451279789433,0.060618766045813434,4889.985761398392,8459.064316362239,-3569.078554963846,667.9740731040752,-35690.785549638465,-2775.2380438607433,0,0,barley,1
12,SHARED,SUB_HUMID,2.9677417732324303,1.2754710210931237,0.2136667918870601,18334.353174883865,14472.080544277915,3862.27263060595,3580.2291464319173,38622.72630605949,1301.4180227679333,1,2,soft_wheat,1
13,INDIVIDUAL,SUB_HUMID,2.9677417732324303,1.2432889869335977,0.2275980347419685,12851.952712777733,18606.96069978589,-5755.00798700816,3488.687655837993,-57550.0798700816,-1939.1875799018294,1,2,soft_wheat,1
14,SHARED,SAHARAN,6.418168561449823,21.230941830658573,3.77578788655701,489891.9089459858,62486.2739399177,427405.63500606816,95021.81131806567,4274056.350060682,66593.08351189828,1,1,watermelon,1
15,INDIVIDUAL,SAHARAN,6.418168561449823,21.277324439237653,3.9733310420342187,375204.5447312567,80339.49506560845,294865.04966564826,72009.00972673974,2948650.4966564826,45942.24144201039,1,1,watermelon,1
16,SHARED,SAHARAN,2.7895388561798367,21.68573386541788,3.914704610934003,222737.89978225745,27158.509076913826,195579.39070534363,49286.79709055705,1955793.9070534364,70111.72842137137,1,1,watermelon,1
17,INDIVIDUAL,SAHARAN,2.7895388561798367,22.48359165754844,3.2470547538849646,171321.32482418473,34918.0830988892,136403.24172529552,30998.09141739542,1364032.4172529553,48898.1329021867,1,1,watermelon,1
18,SHARED,IRRIGATED_SOUSS,7.311924762312123,21.61409716314209,3.7300454019782188,681013.2583554093,71276.63508658126,609736.623268828,139122.2726843865,6097366.232688281,83389.34590951967,0,2,potatoes,1
19,INDIVIDUAL,IRRIGATED_SOUSS,7.311924762312123,21.628938008904285,3.3528282281859583,541250.9250575926,91641.3879684616,449609.537089131,183123.98186640182,4496095.37089131,61489.902003170886,0,2,potatoes,1
20,SHARED,ARID,2.9839655983662703,0.9716181680093742,0.06963529548732723,15360.748406483888,15265.667647332239,95.08075915164572,2417.256492532857,950.8075915164573,31.86389253405023,0,0,barley,1
21,INDIVIDUAL,ARID,2.9839655983662703,0.9836647976456195,0.08331657169697002,10874.268923714135,19627.28697514145,-8753.018051427318,2005.891699385337,-87530.18051427318,-2933.350859078141,0,0,barley,1
22,SHARED,SAHARAN,3.5037163740759647,21.42207827099459,3.7203239388308695,276759.96773925825,34111.62842828641,242648.33931097185,38401.39984547515,2426483.3931097183,69254.56098739314,1,1,watermelon,1
23,INDIVIDUAL,SAHARAN,3.5037163740759647,21.547524333484333,3.9349684994447394,211395.62827264535,43857.807979225385,167537.82029341997,44952.32512757345,1675378.2029341995,47817.175366429234,1,1,watermelon,1
24,SHARED,SUB_HUMID,7.829266304167906,1.3114484366224022,0.24013527593800552,49025.006187026236,38179.1211009264,10845.88508609984,12163.210570461315,108458.8508609984,1385.300316113406,1,2,soft_wheat,1
25,INDIVIDUAL,SUB_HUMID,7.829266304167906,1.3347486316015165,0.21848063894748235,38143.74849202317,49087.44141547681,-10943.692923453626,7813.077675846127,-109436.92923453626,-1397.792909104108,1,2,soft_wheat,1
26,SHARED,SEMI_ARID_WARM,7.283254554894041,1.0783368703950937,0.20912833319893817,40838.70700293673,36940.045906199084,3898.6610967376414,7126.422315316955,38986.610967376415,535.2910662882028,2,1,durum_wheat,1
27,INDIVIDUAL,SEMI_ARID_WARM,7.283254554894041,1.048704023873438,0.20011842594298077,27150.193605130724,47494.34473654169,-20344.15113141096,8098.736216217245,-203441.51131410958,-2793.277507751057,2,1,durum_wheat,1
28,SHARED,SEMI_ARID_COOL,3.5008420750447766,1.0903666551298565,0.16631989453869983,19761.77379823097,17755.972414229138,2005.801384001828,3473.4263749915194,20058.01384001828,572.9482624480207,1,1,durum_wheat,1
29,INDIVIDUAL,SEMI_ARID_COOL,3.5008420750447766,1.1302625152093089,0.1862587722800142,14739.862878474722,22829.10738972318,-8089.244511248458,1773.0941134423942,-80892.44511248458,-2310.656789951028,1,1,durum_wheat,1
30,SHARED,SEMI_ARID_WARM,9.614917649861031,1.1229992253941048,0.22380168153302804,57274.074316222825,48766.04225394364,8508.032062279182,9369.417169053722,85080.32062279183,884.8783080739286,2,1,durum_wheat,1
31,INDIVIDUAL,SEMI_ARID_WARM,9.614917649861031,1.0551918172490444,0.20153677362569214,40043.66946483082,62699.19718364184,-22655.527718811023,9905.87930831469,-226555.27718811017,-2356.2893145671896,2,1,durum_wheat,1
32,SHARED,SEMI_ARID_COOL,1.9198924886786384,1.210121860892228,0.18002086095138295,10803.909196552579,9737.530952985822,1066.3782435667567,2354.304775533249,10663.782435667566,555.4364371208562,1,1,durum_wheat,1
33,INDIVIDUAL,SEMI_ARID_COOL,1.9198924886786384,1.132778483335139,0.15846372218864263,7798.373988317537,12519.682653838918,-4721.30866552138,1502.1850875772557,-47213.0866552138,-2459.1526313907348,1,1,durum_wheat,1
34,SHARED,ARID,1.8704473915011761,0.98837653169043,0.07835404546938166,9318.50171715733,9569.020583249914,-250.518866092584,1226.0210971543481,-2505.18866092584,-133.93526448852623,0,0,barley,1
35,INDIVIDUAL,ARID,1.8704473915011761,0.9732812826601936,0.07592212008694241,7009.928552308973,12303.02646417846,-5293.097911869488,1087.2029484767447,-52930.97911869488,-2829.8566085953235,0,0,barley,1
36,SHARED,SEMI_ARID_COOL,6.43353428230202,1.166190134928542,0.19494102713679648,36768.946528640125,32630.337157122704,4138.609371517419,7028.923380354222,41386.0937151742,643.2870627428381,1,1,durum_wheat,1
37,INDIVIDUAL,SEMI_ARID_COOL,6.43353428230202,1.1640883987011075,0.21291612416410935,25945.35527146181,41953.29063058633,-16007.935359124525,4716.405287084518,-160079.35359124525,-2488.202387163877,1,1,durum_wheat,1
38,SHARED,SUB_HUMID,7.567586080244361,1.3150633101051494,0.28461992271321146,50459.889420089276,36903.04738331943,13556.842036769847,12344.93326120353,135568.42036769848,1791.4354581523426,1,2,soft_wheat,1
39,INDIVIDUAL,SUB_HUMID,7.567586080244361,1.3015198458082964,0.2543424056451658,36679.4214720725,47446.775207124985,-10767.353735052475,11617.4182364364,-107673.53735052471,-1422.8254057342406,1,2,soft_wheat,1
40,SHARED,SAHARAN,2.123435465678884,20.882834628233404,3.07841970933638,162238.2918557208,20673.431825881282,141564.8600298395,17737.256835859047,1415648.6002983951,66667.84195609155,1,1,watermelon,1
41,INDIVIDUAL,SAHARAN,2.123435465678884,22.167356033874217,3.7743825226492302,128863.75508594568,26580.126633275933,102283.62845266976,21905.89413069222,1022836.2845266976,48168.93666225389,1,1,watermelon,1
42,SHARED,ARID,1.7092017827061237,0.9639237279738394,0.09343856855790235,8865.08264193061,8744.104278985309,120.97836294530171,1661.0953355735107,1209.783629453017,70.78062062032289,0,0,barley,1
43,INDIVIDUAL,ARID,1.7092017827061237,0.9521487221220923,0.09938488522888068,6284.781614603481,11242.419787266826,-4957.6381726633435,1273.373296127464,-49576.381726633444,-2900.5575718591144,0,0,barley,1
44,SHARED,SEMI_ARID_COOL,8.464641978276955,1.1783774246219734,0.19575572127152846,52771.994857351514,42931.94215585666,9840.052701494855,9289.096368715702,98400.52701494854,1162.4889424440696,1,1,durum_wheat,1
45,INDIVIDUAL,SEMI_ARID_COOL,8.464641978276955,1.1056710265455636,0.14630730208603884,36380.93368303686,55198.211343244286,-18817.27766020743,4696.93584334026,-188172.7766020743,-2223.0447204381153,1,1,durum_wheat,1
46,SHARED,SAHARAN,8.969065731431261,20.532559468925044,3.627404823577554,702879.0108321665,87321.40530642928,615557.6055257372,103205.14817041458,6155576.055257372,68631.18455789353,1,1,watermelon,1
47,INDIVIDUAL,SAHARAN,8.969065731431261,21.6548183474678,3.6563018751416942,499945.3913342458,112270.37825112333,387675.0130831224,93328.36312866498,3876750.1308312244,43223.56694572448,1,1,watermelon,1
48,SHARED,SEMI_ARID_COOL,6.196169307310859,1.1397503327835525,0.1960484091293057,35471.48595984985,31426.442249068805,4045.0437107810417,5620.8713186275145,40450.43710781042,652.8297582198562,1,1,durum_wheat,1
49,INDIVIDUAL,SEMI_ARID_COOL,6.196169307310859,1.1357502542902451,0.18567375861509916,26971.685022346675,40405.42574880276,-13433.740726456072,6937.066557257251,-134337.40726456072,-2168.0719264087256,1,1,durum_wheat,1
50,SHARED,IRRIGATED_SOUSS,1.6259963394136683,21.351832743056878,3.7663746233531166,169541.34444446332,15850.210649576935,153691.1337948864,38908.21216713763,1536911.3379488639,94521.20528777278,0,2,potatoes,1
51,INDIVIDUAL,IRRIGATED_SOUSS,1.6259963394136683,20.578954130021664,2.961064320999244,113033.31633988037,20378.84226374178,92654.4740761386,24369.770384230367,926544.7407613861,56983.199672853916,0,2,potatoes,1
52,SHARED,IRRIGATED_SOUSS,3.0510844808639215,21.57190408106205,3.3365978475167006,291954.29725662,29741.968391384515,262212.32886523555,49101.72795881447,2622123.288652356,85940.69764695258,0,2,potatoes,1
53,INDIVIDUAL,IRRIGATED_SOUSS,3.0510844808639215,20.79407020250202,3.145000199447463,205394.93926581944,38239.67364606581,167155.26561975366,36763.852472285,1671552.6561975367,54785.525169209104,0,2,potatoes,1
54,SHARED,SEMI_ARID_COOL,9.86699368594682,1.1726371393718296,0.15973064997684744,56482.59069009272,50044.550409148054,6438.0402809446605,8278.275773495181,64380.402809446605,652.482456750136,1,1,durum_wheat,1
55,INDIVIDUAL,SEMI_ARID_COOL,9.86699368594682,1.1894730834837905,0.15414996627890953,44617.87636907224,64342.993383190376,-19725.117014118136,7293.758561686921,-197251.17014118136,-1999.1010070485665,1,1,durum_wheat,1
56,SHARED,SEMI_ARID_WARM,8.798353000797427,1.0793088188268865,0.1937025549698736,48935.3194100153,44624.49599952638,4310.823410488926,5218.8064323938415,43108.23410488926,489.95799669531567,2,1,durum_wheat,1
57,INDIVIDUAL,SEMI_ARID_WARM,8.798353000797427,1.068085768392431,0.1860535640956649,34262.357966568045,57374.35199939106,-23111.994032823022,4275.279459429505,-231119.9403282302,-2626.854597755773,2,1,durum_wheat,1
58,SHARED,ARID,3.501762427990829,0.9490264295873321,0.08898643336450171,17203.973299800695,17914.664108356646,-710.690808555951,2775.027819754292,-7106.908085559509,-202.9523199161506,0,0,barley,1
59,INDIVIDUAL,ARID,3.501762427990829,0.9733376395000883,0.08441915312010413,12985.079786831706,23033.13956788712,-10048.059781055414,1839.6575565449007,-100480.59781055413,-2869.429319572827,0,0,barley,1
60,SHARED,IRRIGATED_SOUSS,8.506993839766753,21.292898511883042,3.2923279452106993,759287.3005786004,82926.16722838295,676361.1333502174,152213.206417634,6763611.333502173,79506.47973770744,0,2,potatoes,1
61,INDIVIDUAL,IRRIGATED_SOUSS,8.506993839766753,20.930638090152218,3.3558865830982247,624133.6965120013,106619.3578650638,517514.3386469375,113267.29603268398,5175143.386469375,60833.985353059434,0,2,potatoes,1
62,SHARED,SEMI_ARID_WARM,4.331628704051944,1.0654170508237102,0.20347833007361243,23793.58823479936,21969.65133791295,1823.936896886411,4694.280486534819,18239.36896886411,421.074155127895,2,1,durum_wheat,1
63,INDIVIDUAL,SEMI_ARID_WARM,4.331628704051944,1.070278978732392,0.18670298757847203,18575.784065751464,28246.694577316655,-9670.910511565195,3474.3009465459795,-96709.10511565194,-2232.6268413815606,2,1,durum_wheat,1
64,SHARED,SEMI_ARID_WARM,7.03157656939924,1.0448326085957176,0.19613225496099063,36951.952893897585,35663.556629642015,1288.3962642555678,7331.18212844521,12883.962642555678,183.23006960665793,2,1,durum_wheat,1
65,INDIVIDUAL,SEMI_ARID_WARM,7.03157656939924,1.0734618174738493,0.20778634725536554,30978.65929188165,45853.14423811117,-14874.484946229519,5902.917315726937,-148744.8494622952,-2115.3840535509316,2,1,durum_wheat,1
66,SHARED,IRRIGATED_SOUSS,9.429891289412446,21.168797747763563,3.342849131440589,888427.2647894972,91922.5706213429,796504.6941681545,207871.9280145366,7965046.941681545,84465.94660772414,0,2,potatoes,1
67,INDIVIDUAL,IRRIGATED_SOUSS,9.429891289412446,21.165966176974585,3.427147586073272,697836.4364710747,118186.16222744086,579650.2742436341,222244.4611387988,5796502.74243634,61469.45457308138,0,2,potatoes,1
68,SHARED,IRRIGATED_SOUSS,1.6426225862069348,21.69558627532738,3.0943690582704133,148802.64473771834,16012.283286271897,132790.36145144643,23274.611223673743,1327903.6145144645,80840.45755031261,0,2,potatoes,1
69,INDIVIDUAL,IRRIGATED_SOUSS,1.6426225862069348,21.079441844197863,3.2325633078456764,112629.89788683532,20587.221368063874,92042.67651877143,23862.49709862645,920426.7651877145,56033.97718480906,0,2,potatoes,1
70,SHARED,IRRIGATED_SOUSS,2.540247833782873,22.34181891276953,4.240248910905819,251406.12894934192,24762.33327936579,226643.79566997616,51086.47432029317,2266437.9566997616,89221.13529862318,0,2,potatoes,1
71,INDIVIDUAL,IRRIGATED_SOUSS,2.540247833782873,22.02862352760939,3.0860109722867177,176690.19551417843,31837.285644898882,144852.9098692795,25987.128553553237,1448529.098692795,57023.1407907819,0,2,potatoes,1
72,SHARED,IRRIGATED_SOUSS,3.203298326362836,20.754320672205626,2.986929774063109,275652.5925554609,31225.74880125305,244426.84375420786,56139.065724542525,2444268.4375420786,76304.73931903206,0,2,potatoes,1
73,INDIVIDUAL,IRRIGATED_SOUSS,3.203298326362836,20.919088683352673,3.0398691229397237,223380.27095752972,40147.391315896784,183232.87964163293,36394.31631012462,1832328.7964163292,57201.31594789159,0,2,potatoes,1
74,SHARED,ARID,4.415098975818831,0.9551940984360361,0.0855919295901996,22370.767076867534,22587.20195428145,-216.43487741391618,2524.708351475936,-2164.348774139162,-49.02152332242469,0,0,barley,1
75,INDIVIDUAL,ARID,4.415098975818831,0.9435892917882883,0.04925700404189361,16224.019489966955,29040.688226933293,-12816.668736966338,2769.8370513172317,-128166.68736966337,-2902.917648542486,0,0,barley,1
76,SHARED,IRRIGATED_SOUSS,7.193457625899819,21.03418030761596,3.727941195683047,653078.092357984,70121.81756229067,582956.2747956935,157860.35549877892,5829562.747956933,81039.78713891045,0,2,potatoes,1
77,INDIVIDUAL,IRRIGATED_SOUSS,7.193457625899819,22.49894114025596,3.512628754299037,523182.2157169169,90156.62258008802,433025.59313682886,95901.639156119,4330255.931368289,60197.1424114231,0,2,potatoes,1
78,SHARED,SEMI_ARID_WARM,7.161528258908872,1.1301300995076955,0.2215738012627695,41533.00637579054,36322.66051512248,5210.345860668065,5251.402561093187,52103.45860668065,727.5466453946398,2,1,durum_wheat,1
79,INDIVIDUAL,SEMI_ARID_WARM,7.161528258908872,1.1263640209739965,0.23156884448009624,29436.28110546777,46700.563519443196,-17264.282413975416,7639.401498988066,-172642.82413975414,-2410.698078653647,2,1,durum_wheat,1
80,SHARED,SUB_HUMID,3.0614326476769396,1.3436633616590379,0.23560924930977295,19602.302393721846,14928.960550973356,4673.3418427484885,4639.24133780929,46733.41842748489,1526.521201207771,1,2,soft_wheat,1
81,INDIVIDUAL,SUB_HUMID,3.0614326476769396,1.322305191243275,0.2619921194226842,15410.439463719671,19194.37785125146,-3783.938387531788,3743.209612823943,-37839.38387531788,-1236.0024939314267,1,2,soft_wheat,1
82,SHARED,SUB_HUMID,8.24541220694093,1.3188338749691972,0.23548877457576275,54123.57299739627,40208.4408609616,13915.132136434686,9769.643711189268,139151.32136434686,1687.6211627989958,1,2,soft_wheat,1
83,INDIVIDUAL,SUB_HUMID,8.24541220694093,1.3139546362192782,0.1920913951967509,40389.47152884917,51696.56682123634,-11307.09529238717,7999.112825010563,-113070.9529238717,-1371.3195906529618,1,2,soft_wheat,1
84,SHARED,ARID,3.4096678837813243,1.0069256608190544,0.06678685081483687,18402.253329735784,17443.517690045206,958.7356396905807,3923.059620300237,9587.356396905807,281.1815321518476,0,0,barley,1
85,INDIVIDUAL,ARID,3.4096678837813243,0.9603811284837349,0.0913799927371633,12213.858333187096,22427.379887200972,-10213.521554013876,1457.4534780090237,-102135.21554013876,-2995.459353269056,0,0,barley,1
86,SHARED,SEMI_ARID_WARM,9.218225117669904,1.0490563763576073,0.19195515650963985,50473.336421446074,46754.05156498168,3719.284856464396,8931.251623988785,37192.84856464396,403.4708210081684,2,1,durum_wheat,1
87,INDIVIDUAL,SEMI_ARID_WARM,9.218225117669904,1.1245560527530671,0.20724929312373572,39393.734482414206,60112.352012119314,-20718.617529705116,5367.587375134723,-207186.17529705117,-2247.571226047707,2,1,durum_wheat,1
88,SHARED,SAHARAN,8.88730863825402,20.952602931053445,3.0865420666313477,672846.2492552727,86525.43117893604,586320.8180763366,74933.52186637135,5863208.180763367,65972.82056264042,1,1,watermelon,1
89,INDIVIDUAL,SAHARAN,8.88730863825402,21.16840778064526,3.887256567868341,488037.3661692369,111246.98294434634,376790.3832248906,75054.99316399865,3767903.832248906,42396.455278154266,1,1,watermelon,1
90,SHARED,SEMI_ARID_COOL,2.9136388964872655,1.0844873381128082,0.1694632270813766,16315.083794535425,14777.727975744583,1537.3558187908397,2129.418061030272,15373.558187908398,527.641163990604,1,1,durum_wheat,1
91,INDIVIDUAL,SEMI_ARID_COOL,2.9136388964872655,1.180218038684814,0.20543010876857676,12894.41931467966,18999.935968814465,-6105.516654134805,2873.0577867560482,-61055.16654134805,-2095.4953139511294,1,1,durum_wheat,1
92,SHARED,ARID,4.560687109545978,0.9600710047145704,0.0510714782947691,23032.15253403182,23332.01619211677,-299.86365808495356,2192.3906083393344,-2998.6365808495357,-65.749666855529,0,0,barley,1
93,INDIVIDUAL,ARID,4.560687109545978,0.9614440430372306,0.09906915014709883,17206.391318768445,29998.306532721566,-12791.91521395312,2899.1902889087255,-127919.1521395312,-2804.8219285156288,0,0,barley,1
94,SHARED,IRRIGATED_SOUSS,5.129666673286589,21.870733515386895,3.7068153470343073,527694.9479450765,50003.98547208656,477690.96247299,139059.3907956808,4776909.6247299,93123.19745074825,0,2,potatoes,1
95,INDIVIDUAL,IRRIGATED_SOUSS,5.129666673286589,21.229657793756886,2.819566838062144,358994.69498384424,64290.8384641113,294703.856519733,67503.38153794919,2947038.5651973295,57450.87844682811,0,2,potatoes,1
96,SHARED,SEMI_ARID_COOL,2.256672875729557,1.129058082506104,0.1974567113823925,12711.410893762408,11445.652351764726,1265.758541997682,2550.8348439460356,12657.58541997682,560.895890410557,1,1,durum_wheat,1
97,INDIVIDUAL,SEMI_ARID_COOL,2.256672875729557,1.2131354101368355,0.19242231745474095,10589.948118589213,14715.838737983222,-4125.890619394008,2951.60276027036,-41258.90619394008,-1828.3069131409463,1,1,durum_wheat,1
98,SHARED,IRRIGATED_SOUSS,6.052313207468357,22.298197374753887,3.715130369782437,613033.0570499614,58997.9429413614,554035.1141086,135927.15810561992,5540351.141086,91541.05134957965,0,2,potatoes,1
99,INDIVIDUAL,IRRIGATED_SOUSS,6.052313207468357,21.69874794193101,3.234697334517704,442939.90458995337,75854.49806746465,367085.4065224886,81064.19076219355,3670854.065224887,60652.08358178113,0,2,potatoes,1
100,SHARED,SEMI_ARID_COOL,7.723124304870321,1.145106423710332,0.1524450292940196,45627.141974855585,39171.02776113831,6456.114213717275,5496.359394581374,64561.14213717275,835.9459150030707,1,1,durum_wheat,1
101,INDIVIDUAL,SEMI_ARID_COOL,7.723124304870321,1.1228199451234588,0.19938649402487912,33635.74652861171,50362.74997860641,-16727.003449994707,6082.5786152159235,-167270.03449994707,-2165.8337726671575,1,1,durum_wheat,1
102,SHARED,ARID,9.080405952422293,0.9569835765689529,0.053743949382653214,44274.01347701579,46454.44285565159,-2180.429378635792,5811.037100735169,-21804.29378635792,-240.12465852962663,0,0,barley,1
103,INDIVIDUAL,ARID,9.080405952422293,1.0173885946051775,0.08207773493908752,35085.07952111529,59727.140814409184,-24642.061293293904,7108.378507402559,-246420.6129329391,-2713.7620743399007,0,0,barley,1
104,SHARED,ARID,4.257967993422499,0.9734106741840124,0.07185415285278593,21086.64353981666,21783.335664511047,-696.6921246943841,2572.914629227017,-6966.921246943841,-163.62079888120346,0,0,barley,1
105,INDIVIDUAL,ARID,4.257967993422499,0.9317315177304009,0.08613229721147181,15460.296080335544,28007.14585437135,-12546.8497740358,2794.86460439369,-125468.497740358,-2946.675454915951,0,0,barley,1
106,SHARED,SEMI_ARID_WARM,5.585736643088181,1.0786350366091288,0.16257020398255687,33373.79376163067,28330.379840557092,5043.413921073583,8034.30299282852,50434.139210735826,902.9093642132823,2,1,durum_wheat,1
107,INDIVIDUAL,SEMI_ARID_WARM,5.585736643088181,1.075935559547465,0.20192389879220957,22797.02971989668,36424.77408071626,-13627.744360819594,5295.041450811204,-136277.44360819593,-2439.7398645141343,2,1,durum_wheat,1
108,SHARED,SUB_HUMID,7.80203941780364,1.3264651632628512,0.24467216866824762,53892.16287194916,38046.35021904325,15845.812652905914,12938.592159388554,158458.12652905914,2030.9834139964757,1,2,soft_wheat,1
109,INDIVIDUAL,SUB_HUMID,7.80203941780364,1.316284229268804,0.18338716553805148,35972.76441363407,48916.73599591275,-12943.971582278677,5777.429009133183,-129439.71582278679,-1659.0497547015145,1,2,soft_wheat,1
110,SHARED,SUB_HUMID,2.3755718741343497,1.3313562315823573,0.27051082216623334,15459.213317038259,11584.386421783533,3874.8268952547237,3733.3951999068854,38748.26895254724,1631.1133068397257,1,2,soft_wheat,1
111,INDIVIDUAL,SUB_HUMID,2.3755718741343497,1.267527728429709,0.21452194051153511,10564.962738453953,14894.211113721685,-4329.248375267732,2220.8333819655427,-43292.48375267732,-1822.4026064651464,1,2,soft_wheat,1
112,SHARED,SEMI_ARID_WARM,8.128714279266678,1.1149912301594742,0.23371439496215682,47639.5800587222,41228.14551809325,6411.4345406289385,8484.65277631348,64114.34540628939,788.7390699636373,2,1,durum_wheat,1
113,INDIVIDUAL,SEMI_ARID_WARM,8.128714279266678,1.1348252992837662,0.21571432889596995,34826.46548804718,53007.615666119906,-18181.150178072734,5479.1478412661545,-181811.50178072735,-2236.657551667928,2,1,durum_wheat,1
114,SHARED,ARID,6.367681276587764,0.9559562010388267,0.08926427629741104,30073.326221745414,32576.41646597741,-2503.090244231996,5328.913456442355,-25030.902442319963,-393.09289135358887,0,0,barley,1
115,INDIVIDUAL,ARID,6.367681276587764,0.989456781768482,0.087426895488735,24017.624920144943,41883.96402768524,-17866.339107540298,5424.655617301002,-178663.39107540302,-2805.78413577796,0,0,barley,1
116,SHARED,ARID,4.434573578558831,0.9566365115763311,0.12933043737277788,22230.365535173092,22686.83206166454,-456.4665264914449,3720.5086075739537,-4564.665264914449,-102.93357825845106,0,0,barley,1
117,INDIVIDUAL,ARID,4.434573578558831,0.9997633014443036,0.10206045060977546,17784.629123134346,29168.784079282974,-11384.154956148635,3560.870801834195,-113841.54956148633,-2567.136333286032,0,0,barley,1
118,SHARED,ARID,5.762029105892233,0.9714855071529472,0.09117498227727647,28583.758267456473,29477.960923197235,-894.2026557407619,6034.796913984304,-8942.026557407618,-155.18884741945385,0,0,barley,1
119,INDIVIDUAL,ARID,5.762029105892233,0.9585018031221303,0.09920202376155718,21497.95789441647,37900.235472682165,-16402.27757826569,4905.565252497122,-164022.7757826569,-2846.6148429366267,0,0,barley,1
120,SHARED,SAHARAN,8.747017320110483,22.475734748407298,4.348414898204788,671417.5514841763,85159.57709564458,586257.9743885316,130552.98164418124,5862579.743885317,67023.7582633627,1,1,watermelon,1
121,INDIVIDUAL,SAHARAN,8.747017320110483,21.219941606630425,4.441782958517658,528549.9782364856,109490.8848372573,419059.0933992284,123222.87737160885,4190590.933992283,47908.79885829874,1,1,watermelon,1
122,SHARED,SUB_HUMID,7.122550692308667,1.3788527306391323,0.24061710053647414,47675.39368077075,34732.84914122496,12942.544539545794,12215.318247277362,129425.44539545794,1817.1221376524404,1,2,soft_wheat,1
123,INDIVIDUAL,SUB_HUMID,7.122550692308667,1.3499479489979325,0.27344895476085895,37189.28458977433,44656.5203244321,-7467.235734657768,14202.3501080648,-74672.35734657769,-1048.3934839131875,1,2,soft_wheat,1
124,SHARED,SUB_HUMID,7.135393321239173,1.323383452665059,0.17787357574043838,44339.95961406783,34795.47573561363,9544.483878454197,7091.520514954418,95444.83878454196,1337.6254746944558,1,2,soft_wheat,1
125,INDIVIDUAL,SUB_HUMID,7.135393321239173,1.2856944245987556,0.2676452141439349,35220.7202534454,44737.040231503255,-9516.319978057856,8777.406776202717,-95163.19978057856,-1333.6784042067632,1,2,soft_wheat,1
126,SHARED,SAHARAN,7.757900196324488,20.858496325706422,3.3783013022095116,594587.0453223981,75529.689229067,519057.3560933311,81218.16107196595,5190573.5609333115,66906.9391146909,1,1,watermelon,1
127,INDIVIDUAL,SAHARAN,7.757900196324488,21.37767376972885,3.2626527128601865,446081.3692185654,97109.60043737188,348971.7687811936,66780.34218390711,3489717.687811936,44982.76079222162,1,1,watermelon,1
128,SHARED,IRRIGATED_SOUSS,4.061579257279407,20.967113647657335,3.101677520744036,367243.5813380158,39592.270435888575,327651.3109021272,77998.9179484199,3276513.109021272,80670.9139837394,0,2,potatoes,1
129,INDIVIDUAL,IRRIGATED_SOUSS,4.061579257279407,20.336263442037083,3.0977672715718714,268811.6573602839,50904.347703285326,217907.30965699852,48157.18020433422,2179073.096569985,53650.882047039195,0,2,potatoes,1
130,SHARED,SEMI_ARID_COOL,4.9128872560219445,1.1461920196746502,0.2173504204315235,29618.996562353055,24917.74513736893,4701.251424984124,7700.436123219508,47012.514249841246,956.9223106476932,1,1,durum_wheat,1
131,INDIVIDUAL,SEMI_ARID_COOL,4.9128872560219445,1.1418257892165151,0.17724172740391075,21022.01749898089,32037.10089090292,-11015.083391922017,1987.1191707519445,-110150.83391922017,-2242.079416420627,1,1,durum_wheat,1
132,SHARED,ARID,1.0292078449155637,0.9685848272305602,0.09649106092189787,5105.993123520736,5265.323738688601,-159.33061516786466,1468.4939195350323,-1593.3061516786465,-154.8089785313832,0,0,barley,1
133,INDIVIDUAL,ARID,1.0292078449155637,1.031824518615252,0.05486087672132261,4367.172275215367,6769.701949742487,-2402.52967452712,670.1435616007008,-24025.2967452712,-2334.348388807922,0,0,barley,1
134,SHARED,IRRIGATED_SOUSS,8.882676463403747,20.539206088659288,3.6237941827226163,858805.7311769221,86588.32105843359,772217.4101184887,194389.774725437,7722174.101184885,86935.21747639823,0,2,potatoes,1
135,INDIVIDUAL,IRRIGATED_SOUSS,8.882676463403747,22.130755577212177,3.563475116300959,704204.4257471093,111327.8413608432,592876.5843862661,149828.3766161714,5928765.843862659,66745.26386600848,0,2,potatoes,1
136,SHARED,SEMI_ARID_COOL,9.746992889831029,1.1780703121958809,0.18569702777767935,60318.190725312255,49435.91660623929,10882.274119072954,8726.676529774764,108822.74119072958,1116.4750238431338,1,1,durum_wheat,1
137,INDIVIDUAL,SEMI_ARID_COOL,9.746992889831029,1.1270387852299677,0.17515385060066188,41793.387007616635,63560.46420802196,-21767.077200405318,6872.780258673592,-217670.77200405317,-2233.209508454116,1,1,durum_wheat,1
138,SHARED,SEMI_ARID_WARM,5.569135071438927,1.068796175449351,0.16793122144383335,31279.035608219165,28246.178085117088,3032.857523102077,3729.2278371417465,30328.575231020768,544.5832223850986,2,1,durum_wheat,1
139,INDIVIDUAL,SEMI_ARID_WARM,5.569135071438927,1.031222173707374,0.18401145885470466,22689.685467418916,36316.51468086483,-13626.829213445919,1814.0182578338681,-136268.2921344592,-2446.848395423292,2,1,durum_wheat,1
140,SHARED,SUB_HUMID,8.834667128530903,1.272891304192005,0.2193260144325755,57939.790080993145,43081.92020585551,14857.86987513763,13333.062555759574,148578.6987513763,1681.7690648643954,1,2,soft_wheat,1
141,INDIVIDUAL,SUB_HUMID,8.834667128530903,1.3386348285777137,0.2880747724163465,43449.80490353452,55391.04026467138,-11941.235361136867,9341.89822758038,-119412.35361136867,-1351.6338745320163,1,2,soft_wheat,1
142,SHARED,SEMI_ARID_COOL,8.575024133552205,1.1237557487937506,0.14510026488077427,49304.89555403618,43491.791032805915,5813.104521230272,8109.9223250057385,58131.04521230272,677.9111557814582,1,1,durum_wheat,1
143,INDIVIDUAL,SEMI_ARID_COOL,8.575024133552205,1.165650306018321,0.23677725279816245,37709.45485227458,55918.01704217903,-18208.562189904456,9173.17331052201,-182085.62189904455,-2123.441509471479,1,1,durum_wheat,1
144,SHARED,SAHARAN,6.480731902943551,20.961682662433713,3.425682876449044,486272.5140629703,63095.38073693373,423177.13332603656,90499.6048993096,4231771.333260366,65297.73791966759,1,1,watermelon,1
145,INDIVIDUAL,SAHARAN,6.480731902943551,21.955050241413392,4.450312118895392,374675.0805337896,81122.63237605765,293552.4481577319,95143.70905620322,2935524.481577319,45296.18761492051,1,1,watermelon,1
146,SHARED,SEMI_ARID_WARM,4.3652246733203315,1.0812767145872946,0.20499893137301908,22128.9795151303,22140.047228607662,-11.067713477364668,3843.138719223466,-110.67713477364669,-2.5354281407344392,2,1,durum_wheat,1
147,INDIVIDUAL,SEMI_ARID_WARM,4.3652246733203315,1.0596134999902052,0.21023806531610317,18153.40448793437,28465.775008209857,-10312.370520275485,2389.9219218124267,-103123.70520275488,-2362.3916961945424,2,1,durum_wheat,1
148,SHARED,SEMI_ARID_WARM,5.854411271076632,1.082728800489368,0.239039945796225,31433.843858525135,29693.074638180948,1740.7692203441852,7220.7479547532275,17407.692203441853,297.34317247993,2,1,durum_wheat,1
149,INDIVIDUAL,SEMI_ARID_WARM,5.854411271076632,1.075293898558778,0.21049714168992498,25491.73310241844,38176.8102490898,-12685.077146671354,4074.425261894047,-126850.77146671357,-2166.7553848396706,2,1,durum_wheat,1
150,SHARED,SAHARAN,9.26644144956132,21.58739335482906,3.1835150252434863,735093.10499648,90216.60826164068,644876.4967348393,210309.58715678533,6448764.967348393,69592.68023706859,1,1,watermelon,1
151,INDIVIDUAL,SAHARAN,9.26644144956132,20.0742552688657,2.994016726407483,483935.37067350856,115992.78205068088,367942.5886228277,86814.16976435788,3679425.8862282773,39706.999782559076,1,1,watermelon,1
152,SHARED,SAHARAN,3.917404513042058,21.907853332427916,3.6547203760755704,321468.36993838043,38139.230715392856,283329.1392229876,68979.57129515233,2833291.3922298755,72325.7295180294,1,1,watermelon,1
153,INDIVIDUAL,SAHARAN,3.917404513042058,21.21434613065955,4.0085767222208455,226860.21067146934,49036.15377693369,177824.0568945357,46258.595238589834,1778240.5689453569,45393.33538380149,1,1,watermelon,1
154,SHARED,SUB_HUMID,2.0068095278880556,1.3009024151937258,0.2521723477328636,13011.479140405072,9786.130783537576,3225.348356867494,2891.09132652732,32253.483568674943,1607.20203489457,1,2,soft_wheat,1
155,INDIVIDUAL,SUB_HUMID,2.0068095278880556,1.3078375363832533,0.26370578294159275,9594.716749538975,12582.168150262598,-2987.4514007236244,2247.019345978882,-29874.514007236245,-1488.6571740904508,1,2,soft_wheat,1
156,SHARED,SEMI_ARID_COOL,8.908496900408657,1.1351456940222957,0.21115369509826074,51120.047653169764,45183.1364640688,5936.911189100978,9420.085757063249,59369.11189100978,666.4324246247013,1,1,durum_wheat,1
157,INDIVIDUAL,SEMI_ARID_COOL,8.908496900408657,1.1666049978542032,0.2218701148843695,38249.53800733075,58092.60402523131,-19843.066017900554,8457.668718996847,-198430.66017900553,-2227.4314331287806,1,1,durum_wheat,1
158,SHARED,SEMI_ARID_COOL,3.1550707930425292,1.108255600627896,0.198798426105278,16779.1927328647,16002.24996309971,776.9427697649877,3494.660395814466,7769.427697649877,246.25208774341274,1,1,durum_wheat,1
159,INDIVIDUAL,SEMI_ARID_COOL,3.1550707930425292,1.1705721976826189,0.20913064914650392,14204.896829783134,20574.321381128204,-6369.424551345071,3000.426674165016,-63694.24551345071,-2018.7897417042882,1,1,durum_wheat,1
160,SHARED,SEMI_ARID_WARM,8.902086392836365,1.1329768662300999,0.2556658669120196,52142.89133264981,45150.622916420856,6992.26841622894,7525.124723419715,69922.6841622894,785.4640033437237,2,1,durum_wheat,1
161,INDIVIDUAL,SEMI_ARID_WARM,8.902086392836365,1.0316913461920705,0.2145788871906772,37440.184775370115,58050.80089254111,-20610.616117171,9905.044431378814,-206106.16117171,-2315.2568069611925,2,1,durum_wheat,1
162,SHARED,SUB_HUMID,1.770881068610909,1.3229942606864011,0.2519788742582656,12033.446704089158,8635.634572532212,3397.812131556948,2509.5922234274362,33978.12131556948,1918.71277624658,1,2,soft_wheat,1
163,INDIVIDUAL,SUB_HUMID,1.770881068610909,1.2897376732159374,0.2564127827529604,8330.546500522389,11102.958736112845,-2772.4122355904533,2295.8620949275705,-27724.122355904532,-1565.5552960228729,1,2,soft_wheat,1
164,SHARED,ARID,8.344209280780797,0.9102149204849974,0.0569896596413344,38882.35698339338,42688.13478611338,-3805.777802720014,3217.2569135326353,-38057.77802720014,-456.0980764811179,0,0,barley,1
165,INDIVIDUAL,ARID,8.344209280780797,0.9460248221626838,0.08797277435955918,29554.062865630036,54884.74472500293,-25330.68185937289,5730.071893051365,-253306.81859372894,-3035.71986356059,0,0,barley,1
166,SHARED,SAHARAN,7.89250986376289,21.46147921215773,3.9490979669847444,666664.8887395869,76840.22765977118,589824.6610798157,111647.32541270483,5898246.610798157,74732.20449022113,1,1,watermelon,1
167,INDIVIDUAL,SAHARAN,7.89250986376289,20.546445731129005,3.7796038470834805,453318.6000363147,98794.5784197058,354524.0216166089,81986.51314665683,3545240.216166089,44919.04701245232,1,1,watermelon,1
168,SHARED,SEMI_ARID_WARM,6.937757404726307,1.0489571548238588,0.17670242935906183,36953.35020021988,35187.71382835333,1765.6363718665511,3597.3834249641177,17656.36371866551,254.49670100365884,2,1,durum_wheat,1
169,INDIVIDUAL,SEMI_ARID_WARM,6.937757404726307,1.0434892242305949,0.19502626585259264,27645.49155907894,45241.346350739994,-17595.85479166106,5077.1216086118675,-175958.54791661058,-2536.2453261444375,2,1,durum_wheat,1
170,SHARED,SAHARAN,2.486142630767149,20.775203843303228,3.904282056873362,188074.91672017163,24204.691415074205,163870.2253050974,36551.7584735957,1638702.253050974,65913.44489939099,1,1,watermelon,1
171,INDIVIDUAL,SAHARAN,2.486142630767149,21.5281714335417,3.5864310842388303,148833.43564902662,31120.31753366684,117713.11811535977,29146.941513711092,1177131.1811535978,47347.693032011215,1,1,watermelon,1
172,SHARED,SAHARAN,8.851897369767316,21.2820513956957,3.9182550235739866,708816.6688176723,86180.67267001953,622635.9961476529,98250.99950020832,6226359.961476528,70339.26966598119,1,1,watermelon,1
173,INDIVIDUAL,SAHARAN,8.851897369767316,21.06774000443199,3.880666518798793,549228.1588650469,110803.72200431084,438424.4368607361,156589.8894216856,4384244.368607361,49528.86579527307,1,1,watermelon,1
174,SHARED,ARID,9.679266154067097,1.0238185132258923,0.05550094224732242,50660.46239848769,49518.151368420375,1142.3110300673093,7123.189863820165,11423.110300673092,118.01628469399259,0,0,barley,1
175,INDIVIDUAL,ARID,9.679266154067097,0.9803542179854725,0.09019939664487765,36817.560752260906,63666.19461654049,-26848.633864279574,5779.955879235746,-268486.33864279574,-2773.829486339534,0,0,barley,1
176,SHARED,SAHARAN,7.79738676972225,21.42614502008921,3.7940920662661632,611433.8926243458,75914.12426199857,535519.7683623473,96957.30557612164,5355197.683623474,68679.39018259358,1,1,watermelon,1
177,INDIVIDUAL,SAHARAN,7.79738676972225,20.80970349567002,3.5390980936538172,430901.5339662405,97603.87405114101,333297.65991509944,61878.6615547036,3332976.5991509943,42744.78998647541,1,1,watermelon,1
178,SHARED,IRRIGATED_SOUSS,2.8103595705072633,21.463701097640623,3.673350834413993,289591.3702692292,27395.382212027285,262195.98805720196,66829.768039152,2621959.8805720196,93296.24251955638,0,2,potatoes,1
179,INDIVIDUAL,IRRIGATED_SOUSS,2.8103595705072633,21.04089271722916,3.579532910639041,195362.6742067229,35222.63427260651,160140.03993411642,34450.89567739157,1601400.3993411642,56982.04657321181,0,2,potatoes,1
180,SHARED,SEMI_ARID_COOL,4.590930699976862,1.1688744280798502,0.16112909871643089,27682.643985855324,23284.808945111934,4397.835040743392,4258.820126069481,43978.35040743393,957.9397573493227,1,1,durum_wheat,1
181,INDIVIDUAL,SEMI_ARID_COOL,4.590930699976862,1.1854439026017392,0.17446250630735824,21010.509833637927,29937.611500858202,-8927.101667220277,3838.7262675609695,-89271.01667220276,-1944.5080421852738,1,1,durum_wheat,1
182,SHARED,IRRIGATED_SOUSS,6.848902518755081,20.847109844386612,2.853490785763911,637990.4521023905,66763.09473109356,571227.357371297,115802.12132382109,5712273.57371297,83404.21780088767,0,2,potatoes,1
183,INDIVIDUAL,IRRIGATED_SOUSS,6.848902518755081,21.86573158004099,3.094880122625204,471876.25537568156,85838.26465426316,386037.9907214184,89112.4270504203,3860379.9072141843,56364.94163324552,0,2,potatoes,1
184,SHARED,ARID,9.096526761786508,1.028998912122054,0.054335752112307005,49601.26091171264,46536.91529370344,3064.3456180091976,4278.597720058991,30643.456180091976,336.8698513461391,0,0,barley,1
185,INDIVIDUAL,ARID,9.096526761786508,0.9514737255967963,0.0746139804826492,33336.81448410483,59833.17680619013,-26496.36232208531,5140.926649931458,-264963.62322085304,-2912.799908795252,0,0,barley,1
186,SHARED,ARID,2.0890377628143915,0.9812492561757079,0.10074527445960824,10877.514055758125,10687.306920465555,190.20713529257083,1655.109046032618,1902.0713529257082,91.05011823066336,0,0,barley,1
187,INDIVIDUAL,ARID,2.0890377628143915,0.9744663913351589,0.0734911769831263,8746.159907762345,13740.823183455712,-4994.663275693368,1971.7788385977035,-49946.63275693368,-2390.891808946748,0,0,barley,1
188,SHARED,SEMI_ARID_WARM,1.5762330669371043,1.1176481147739907,0.21502313566015288,8890.84771727382,7994.519676976017,896.3280402978055,1049.50571779565,8963.280402978055,568.6519710181739,2,1,durum_wheat,1
189,INDIVIDUAL,SEMI_ARID_WARM,1.5762330669371043,1.0321899673875694,0.1688393445951937,6380.947098750898,10278.668156112022,-3897.721057361124,617.4931313610291,-38977.21057361124,-2472.807568321781,2,1,durum_wheat,1
190,SHARED,SUB_HUMID,6.294778466115099,1.3150871106703446,0.19056452521148787,41442.75240453649,30696.249178977734,10746.503225558754,5899.02153413062,107465.03225558755,1707.209123149824,1,2,soft_wheat,1
191,INDIVIDUAL,SUB_HUMID,6.294778466115099,1.2571503259295826,0.1326262665289572,29236.74278269281,39466.606087257096,-10229.863304564282,7688.989389719805,-102298.63304564283,-1625.134762030437,1,2,soft_wheat,1
192,SHARED,SEMI_ARID_WARM,6.295961029693159,1.0700609144521427,0.21547466779734198,34449.044379337094,31932.577353653858,2516.4670256832387,8112.027316263243,25164.67025683239,399.6954577410848,2,1,durum_wheat,1
193,INDIVIDUAL,SEMI_ARID_WARM,6.295961029693159,1.0797360136707972,0.18795251021032505,28457.80710660025,41056.170883269246,-12598.363776669004,7638.747664557376,-125983.63776669005,-2001.0231507552708,2,1,durum_wheat,1
194,SHARED,SUB_HUMID,1.6389377740812927,1.2260847825160712,0.24239816505810277,9346.329840118578,7992.218085648921,1354.1117544696567,2469.727714223631,13541.117544696568,826.2130362018806,1,2,soft_wheat,1
195,INDIVIDUAL,SUB_HUMID,1.6389377740812927,1.2620876745118088,0.2147565212171059,7283.608368464576,10275.708967262899,-2992.1005987983235,1854.7550735939237,-29921.005987983237,-1825.634045487509,1,2,soft_wheat,1
196,SHARED,IRRIGATED_SOUSS,1.5298639018869107,21.3995096692125,3.1776891658986437,134528.9811853569,14913.111747124389,119615.86943823253,34518.53916821574,1196158.6943823253,78187.26181505437,0,2,potatoes,1
197,INDIVIDUAL,IRRIGATED_SOUSS,1.5298639018869107,21.603053900340214,2.8498305896717873,112924.60961519027,19174.000817731365,93750.60879745892,18850.44001708316,937506.0879745892,61280.358783437114,0,2,potatoes,1
198,SHARED,SUB_HUMID,9.148780117055152,1.2393068902193736,0.18520062451326147,54136.48766631301,44613.68031750953,9522.807348803486,11158.68200592098,95228.07348803486,1040.8827435967198,1,2,soft_wheat,1
199,INDIVIDUAL,SUB_HUMID,9.148780117055152,1.3053528604660607,0.24338968373692513,42248.96596245396,57360.44612251224,-15111.48016005829,11963.425690134778,-151114.8016005829,-1651.7480982942716,1,2,soft_wheat,1
